productID, name,category,tags,image1,,,
p0001,NESTLE MILK PAK 250ML,DAIRY,milk,https://hypersupermarket.pk/wp-content/uploads/2020/07/8961008206851afront.jpg,,,
p0002,Nurpur Butter 200g,DAIRY,Butter,https://media.naheed.pk/catalog/product/cache/fd6f1e57839b9b324771e8de21428b3f/1/0/1016930-1.jpg,,,
p0003,Fresh Street Australian ,DAIRY,Butter,https://media.naheed.pk/catalog/product/cache/fd6f1e57839b9b324771e8de21428b3f/2/-/2-200g_butter_unsalted.jpg,,,
p0004,Desi Pakistan Desi Eggs,DAIRY,eggs,https://media.naheed.pk/catalog/product/cache/fd6f1e57839b9b324771e8de21428b3f/1/1/1157676-1.jpg,,,
p0005,nurpur 125ml,DAIRY,milk,https://static-01.daraz.pk/p/f65db188b89c0caa9486aa5ed7db9cf5.jpg,,,
p0006,Deen's Cheddar Cheese,DAIRY,Cheese,https://media.naheed.pk/catalog/product/cache/fd6f1e57839b9b324771e8de21428b3f/1/0/1016383-1.jpg,,,
p0007,Nurpur Cheddar Cheese,DAIRY,Cheese,https://media.naheed.pk/catalog/product/cache/fd6f1e57839b9b324771e8de21428b3f/1/0/1015420-1.jpg,,,
p0008,Millac Plain Yogurt (Dahi),DAIRY,Yogurt,https://media.naheed.pk/catalog/product/cache/fd6f1e57839b9b324771e8de21428b3f/1/2/1200515-1_1.jpg,,,
,,,,,,,
,,,,,,,
,,,,,,,
,,,,,,,
,,,,,,,
,,,,,,,
,,,,,,,
,,,,,,,
,,,,,,,
,,,,,,,
,,,,,,,
,,,,,,,
,,,,,,,
,,,,,,,
,,,,,,,
,,,,,,,
,,,,,,,
,,,,,,,
,,,,,,,
,,,,,,,
,,,,,,,
,,,,,,,
,,,,,,,
,,,,,,,
,,,,,,,
,,,,,,,
,,,,,,,
,,,,,,,
,,,,,,,
,,,,,,,
,,,,,,,
,,,,,,,
,,,,,,,
,,,,,,,
,,,,,,,
,,,,,,,
,,,,,,,
,,,,,,,
,,,,,,,
,,,,,,,
,,,,,,,
